tau,gamma,gamma_lo,gamma_hi,ftp,ftp_lo,ftp_hi
1e-07,850.4133883133833,27.617488334600342,2979.3986891108166,9.412334282211454e-10,3.813643667063166e-11,2.87077247592021e-09
1.0884019160690054e-07,854.6505623225302,26.31208444078871,2969.55884403904,9.546270080592717e-10,3.741761154782924e-11,2.861663413258692e-09
1.1846187309026848e-07,859.6113857133087,27.590876502071712,2964.6007322776386,9.722664130872737e-10,3.64362979454897e-11,2.844751992901682e-09
1.2893412965257157e-07,859.0543485946439,30.004965351637523,2958.0159874643036,9.912155314080324e-10,3.605684781351175e-11,2.8259035270389822e-09
1.4033215376054846e-07,850.9907323670463,32.04544375825968,2947.2730205038133,1.0088137334368933e-09,3.692909947323252e-11,2.8146420660753117e-09
1.5273778503907124e-07,840.8789050683575,32.526144809052276,2940.0184440700673,1.02404789106607e-09,3.935838933299328e-11,2.8279436700228067e-09
1.6624009789266136e-07,834.557714001664,30.772224742691765,2940.7844110290807,1.0355609193293282e-09,4.315900943758438e-11,2.8761999421190264e-09
1.8093604107387167e-07,833.4245438240525,27.30312836520414,2946.420838298146,1.044090188764923e-09,4.735802472342372e-11,2.9536017421534614e-09
1.969311337907422e-07,834.2645553987032,23.713190165104667,2946.084570133996,1.05180515484379e-09,5.0279244160450146e-11,3.037540255264383e-09
2.143402233514859e-07,832.5042934312456,21.347276862241273,2927.9030479808976,1.0587782415354885e-09,5.078139643290777e-11,3.1025648258233962e-09
2.3328830978641583e-07,827.2475179009741,20.422783159378184,2894.902602679213,1.0636531442337663e-09,4.950575985326395e-11,3.139095081484569e-09
2.539114433680347e-07,819.8949314945519,20.349552797995592,2858.904921382883,1.0631627734784006e-09,4.810851124009585e-11,3.1457378289542617e-09
2.7635770147361577e-07,812.7088983701999,20.46649203258886,2832.085629841203,1.0552041987190107e-09,4.7447810901697854e-11,3.1250107105589175e-09
3.007882518043102e-07,810.0630923450556,20.36637506822237,2829.843339180565,1.0426512022874626e-09,4.6887059097422755e-11,3.08904784901614e-09
3.273785095948577e-07,815.4473236116594,19.840674195789937,2862.0812290029817,1.029133740131551e-09,4.516711040030859e-11,3.0485913467441548e-09
3.563193971228584e-07,829.3464487668462,18.937435097860224,2926.8479828420936,1.0173275304989845e-09,4.194900656085231e-11,3.0106336054158086e-09
3.8781871456107196e-07,849.0412049584153,17.971452829767816,3009.5713740945403,1.0093556436910097e-09,3.8171772621847816e-11,2.9812330329458103e-09
4.221026320156903e-07,869.6447218497578,17.296104449885117,3088.636692710307,1.0050999019649073e-09,3.484360036750178e-11,2.9623862305224792e-09
4.5941731346364764e-07,887.498432422713,17.196072770357848,3149.5757652457114,1.003897953042671e-09,3.208347144992576e-11,2.959266928222317e-09
5.00030684249109e-07,899.6939322860096,17.95454974900312,3182.324763896448,1.0044961577814913e-09,2.933049044824294e-11,2.977439898640071e-09
5.442343548300272e-07,905.038375816393,19.944262885241343,3182.155754239412,1.005593879574023e-09,2.6306960952033083e-11,3.0132467755860673e-09
5.923457145875806e-07,907.4893205714069,23.64885350273182,3161.2306368373693,1.0087066685110633e-09,2.3780399804175455e-11,3.0531774306054812e-09
6.44710210732387e-07,912.0759301127313,29.347802419438057,3136.3253560388002,1.0150968008662864e-09,2.308613018862721e-11,3.0752766753116907e-09
7.017038286703837e-07,920.4832726724542,36.37813336721006,3118.3036722572288,1.023306112689978e-09,2.4947029205136355e-11,3.066692588175149e-09
7.637357916378027e-07,930.6295974068863,42.74184543947614,3113.9825261205415,1.029455962876802e-09,2.9038514169655153e-11,3.0337158262670187e-09
8.312514989890632e-07,938.0727740386814,46.32468353517742,3124.4243840796657,1.028788232704419e-09,3.4502644244616854e-11,2.9876074407809296e-09
9.047357242349293e-07,941.4675965786408,46.83387966220318,3153.1687976980425,1.0225654487039539e-09,4.039883064364492e-11,2.94384626055612e-09
9.847160957933784e-07,942.8296086589047,45.74986509201274,3205.4095352953727,1.0179408962481703e-09,4.571529596444165e-11,2.9214360709479732e-09
1.0717668854455034e-06,943.5848475336084,44.53598737720307,3275.5004858424636,1.0194714455247497e-09,4.976726646629604e-11,2.929983585681331e-09
1.1665131316981962e-06,944.9164074962763,43.55929257811231,3343.8725554356706,1.0255466774159169e-09,5.2671051452441115e-11,2.9667256281442645e-09
1.2696351276599729e-06,946.9004858799336,42.33554637605935,3380.051487974223,1.0294122825940073e-09,5.476370862179237e-11,3.017282639715116e-09
1.3818733056536336e-06,949.2494572977391,40.462777338745,3369.200371068759,1.0260833563448788e-09,5.560644483756715e-11,3.0656587992016586e-09
1.5040335536380252e-06,953.6870556870141,38.22660209914758,3333.3794543432464,1.0178975808359751e-09,5.3668239418905315e-11,3.102860630504433e-09
1.6369930016117019e-06,961.672620208249,36.24012582829875,3304.758299255941,1.0092484438199396e-09,4.7508277713622576e-11,3.119877865226199e-09
1.7817063195457325e-06,974.3625743479465,34.973959229058856,3298.7018726899564,1.002837620420406e-09,3.843181031151742e-11,3.113015881646869e-09
1.939212572065831e-06,992.8782709937733,34.684592862609676,3311.0183025760775,9.995268038757012e-10,3.111009104140985e-11,3.086760289236525e-09
2.1106426791015547e-06,1016.2631764336643,35.37115415438232,3328.7461024874815,9.9784474925399e-10,2.9673668212168373e-11,3.0453838632205395e-09
2.297227536071156e-06,1042.3907632999233,36.71800544355141,3351.673786418263,9.969813593054039e-10,3.3464188626362984e-11,2.999731181036613e-09
2.5003068519063265e-06,1067.3879356518032,38.15632041635454,3389.96962801855,9.966447448591453e-10,3.7905974312347927e-11,2.9645069872948664e-09
2.7213387683753086e-06,1087.2206118057716,39.23607030704693,3448.9408651416825,9.963382471135358e-10,3.9660828967673784e-11,2.9452799505545745e-09
2.9619103297725534e-06,1101.4650309692963,39.91648310082168,3526.5946469991486,9.97695477072298e-10,3.9958036388561133e-11,2.937906101275594e-09
3.2237488781490268e-06,1110.525167766954,40.22078409501402,3610.5571048014685,1.0019664350681962e-09,4.241458120829097e-11,2.930056520560226e-09
3.508734455902715e-06,1115.3353753184726,39.78666496796839,3686.592022849846,1.0082623100581065e-09,4.8399770068922704e-11,2.9141009723807326e-09
3.8189133047818546e-06,1118.9693823788311,37.83558603476698,3744.6519260532805,1.0141909630514733e-09,5.521444498836364e-11,2.8964185704063982e-09
4.156512558225988e-06,1123.8380202698386,33.91194919442405,3773.8781566927814,1.0162627851151833e-09,5.87911088394074e-11,2.8863184927660888e-09
4.523956232538058e-06,1132.9598744478833,29.30681031014857,3776.222525196078,1.0150401468769187e-09,5.7491131557088326e-11,2.8944077371279495e-09
4.923882631706742e-06,1150.0843914575391,27.02489452056948,3767.7692988795848,1.0154337077469416e-09,5.2484495942233067e-11,2.9315610873212445e-09
5.359163290848514e-06,1176.5998490266563,29.08751401533231,3764.988429409439,1.0208483903734951e-09,4.561312784253383e-11,2.9995052432174232e-09
5.832923594286212e-06,1211.7878754132903,34.010263495118565,3789.1011477666557,1.0316754454213221e-09,3.835986824511922e-11,3.0889040635602874e-09
6.348565216305224e-06,1251.7570729101496,37.84613542131306,3860.56851448864,1.0450408038070276e-09,3.1970045107154496e-11,3.178681021178279e-09
6.909790545715645e-06,1291.068628140246,37.95917417018332,3987.444914032943,1.0575980530422631e-09,2.767656165683989e-11,3.2478460925117652e-09
7.520629269592407e-06,1325.3324401240309,35.07701348576921,4163.022813221249,1.068723534400712e-09,2.6983482647057892e-11,3.286439059388623e-09
8.185467307069021e-06,1350.5515441727193,31.760007222996727,4364.214699468457,1.07743054293836e-09,3.103483883646288e-11,3.288132966605954e-09
8.909078300934142e-06,1369.6150591032595,30.33468273466355,4562.633298746917,1.0821438802394434e-09,3.8857585296787024e-11,3.258463384580379e-09
9.69665789314552e-06,1394.2361106547464,32.443346205347424,4727.881545899234,1.0814791300949704e-09,4.689496808345155e-11,3.21922506706184e-09
1.055386103036523e-05,1434.1342047409719,38.98143419414945,4838.47794279605,1.074140330239652e-09,5.172599824490367e-11,3.1881834452009317e-09
1.1486842567375548e-05,1490.0750940205928,49.56698121178569,4920.001677240691,1.0641602513765949e-09,5.324937971572443e-11,3.1712683763224933e-09
1.250230145991456e-05,1553.7144826435976,62.49183595346991,5032.605548544848,1.0595264424634099e-09,5.4112540618058517e-11,3.1635766192275504e-09
1.3607528864243332e-05,1615.80811124524,75.4000327496548,5212.9430082095905,1.063980183311949e-09,5.6322384128807265e-11,3.1570788366924706e-09
1.481046048880677e-05,1674.8402912818822,85.36858542975735,5444.992488269988,1.0740300158653224e-09,5.919871629472082e-11,3.154156055192281e-09
1.6119733573881587e-05,1732.4442712425182,89.16642572811688,5674.897161044721,1.0810619505074714e-09,6.064716524599411e-11,3.158603824794814e-09
1.7544748908334598e-05,1791.3359969502549,85.40700133222599,5869.522703179366,1.0802647140763928e-09,6.049232052570241e-11,3.165385944915032e-09
1.9095738328781007e-05,1856.079419694697,75.76172998263736,6044.377629030614,1.0756538099322305e-09,6.180183945102794e-11,3.1612536072492855e-09
2.078383818579755e-05,1928.2215148394964,63.332805244977386,6228.453845062151,1.0726515580454871e-09,6.764910757493381e-11,3.130302021145721e-09
2.2621169304690265e-05,2007.2478505757747,51.63995887557391,6446.728259931126,1.0729653499883575e-09,7.64813947116662e-11,3.0779264480041555e-09
2.4620924014946305e-05,2090.2079347140607,44.80353706089922,6711.054948555575,1.0739921286938515e-09,8.179176568051063e-11,3.0331973634953014e-09
2.6797460873256894e-05,2172.697292602663,46.32510221383604,7006.074406345054,1.0708051216398162e-09,7.804734249630072e-11,3.0172394681972535e-09
2.916640776023707e-05,2256.393454712035,57.54479525829857,7292.286706023079,1.0617077356207676e-09,6.671395364129204e-11,3.0254257318057483e-09
3.174477409109193e-05,2344.685988510419,77.49868605273305,7512.003607043701,1.0475777837212848e-09,5.455367236174116e-11,3.0318352325704156e-09
3.455107294592218e-05,2438.3469794503785,102.2847917947815,7646.706719849072,1.0312569045650256e-09,4.6939193920352674e-11,3.0151168822760453e-09
3.760545399658176e-05,2537.584376494815,123.72908950941674,7769.646716609523,1.020370440973743e-09,4.466347794024011e-11,2.979347288783979e-09
4.092984818452442e-05,2641.4444233493223,132.83201836879283,7985.542202162779,1.0218976635264937e-09,4.563722682716637e-11,2.937529043073151e-09
4.4548125188449885e-05,2758.917622766081,128.20984972539787,8354.85590553433,1.0351396829527033e-09,4.7228639110301786e-11,2.896314202551325e-09
4.848626481239088e-05,2912.4721170049347,118.30081835869518,8876.477469449528,1.0507881669588986e-09,4.714518341045431e-11,2.8560991270681184e-09
5.277254352483543e-05,3121.1474975965543,113.01545847026416,9516.044164363628,1.0578172548393752e-09,4.450577363695833e-11,2.8153082090359652e-09
5.743773748826587e-05,3389.2230615445505,115.69328095624216,10253.808142307598,1.0554065867949325e-09,4.163089102616388e-11,2.7874368516091912e-09
6.251534353689725e-05,3706.858920805204,123.90394671958198,11083.969879514909,1.0516720803662982e-09,4.317019691738932e-11,2.7989483682972174e-09
6.804181968927093e-05,4073.688350581415,136.4631448506854,12026.630911701752,1.0523218103284773e-09,5.120778837536215e-11,2.863038407099425e-09
7.405684692262442e-05,4522.418861383006,158.66683166562507,13161.351635096016,1.0559905765292348e-09,6.129951375512503e-11,2.964685283120743e-09
8.060361408861346e-05,5103.894171476561,200.31919192951887,14593.397218053577,1.0556473809134927e-09,6.537228420529836e-11,3.066901745223303e-09
8.772912801613357e-05,5866.065082894486,269.2092906674827,16426.690769624005,1.0466477694897047e-09,5.979133230067927e-11,3.1391058167926654e-09
9.548455102782303e-05,6845.782894458882,367.74536378123184,18760.235207566733,1.032162932369212e-09,4.9024173414252756e-11,3.171110443611637e-09
0.00010392556829367131,8086.586080670696,496.654951582531,21722.1973480398,1.017381998813947e-09,4.043994437070648e-11,3.1591441969946233e-09
0.00011311278765939226,9680.38266833724,658.6997393470799,25577.04932825652,1.0061425019309615e-09,3.7608047551855675e-11,3.107516017586829e-09
0.00012311217482038908,11775.297516530332,856.3114832302958,30778.294897324613,1.0005905449562992e-09,3.9318116547969704e-11,3.0301079544541415e-09
0.00013399552696593398,14584.898368590055,1087.7943516651328,38057.20032345253,9.994662999048696e-10,4.263719938818042e-11,2.94124997768163e-09
0.00014584098829439863,18425.079931521454,1340.7964482135128,48617.33332435496,9.994083422228322e-10,4.5123034515772795e-11,2.8631703397698432e-09
0.00015873361110102104,23808.832653244626,1590.5644542159457,64392.463004349855,9.955161021977325e-10,4.515452933537709e-11,2.8218623410772205e-09
0.0001727659664669038,31758.84017327559,1826.3980980771526,88575.34127177003,9.852658813523844e-10,4.2493523293829577e-11,2.827659535901956e-09
0.00018803880893409166,44517.632800129126,2135.329260063405,126626.22571734506,9.73665963653518e-10,3.8912740089148805e-11,2.8687663865256293e-09
0.0002046617999391992,67268.87158119852,3015.685032987377,188390.3585782592,9.678650981970887e-10,3.688351221170838e-11,2.918857120638953e-09
0.00022275429519995587,111374.02193297031,6438.174022146311,291455.018563543,9.706515224399894e-10,3.734492648115307e-11,2.9593362207588985e-09
0.00024244620170823307,197659.06374651944,18830.12940258106,464249.2473732952,9.796332957888581e-10,3.9197457410289717e-11,2.9873817904000527e-09
0.00026387891048289345,356572.0999107057,57813.24730031737,745545.9473386703,9.89944105089729e-10,4.1005216777288426e-11,3.003787221874717e-09
0.0002872063117797831,624341.2051843217,160576.17165978905,1177270.7160729265,1.0006282723318218e-09,4.294522360665258e-11,3.0139478106728207e-09
0.0003125959000482281,1033278.089110639,377537.2313104047,1790713.2239809695,1.0142361159915929e-09,4.6582778039542384e-11,3.024386200899774e-09
0.00034022997656780714,1580346.945862338,731467.8872948339,2571587.5791954934,1.03149359219664e-09,5.253486071811269e-11,3.0328021711402106e-09
0.0003703069584005145,2183188.9537519026,1170762.0102648744,3407891.5164243053,1.050079114637248e-09,5.857315342363985e-11,3.030422810061167e-09
0.00040304280305680546,2702995.1550615076,1589849.9440350484,4117724.5716141425,1.0646568091935057e-09,6.078366950146561e-11,3.0055248470336303e-09
0.00043867255910485034,3045082.9402731117,1904887.8614681303,4581948.376106529,1.0720904811789065e-09,5.7505575093940493e-11,2.9635492417249815e-09
0.00047745205385661313,3199842.974550852,2080678.6298523026,4799072.89404649,1.075437055355583e-09,5.131238828478355e-11,2.9421507104370465e-09
0.0005196597302486203,3193841.197510575,2108343.7116425172,4811228.793851973,1.0778076125264455e-09,4.609541969817052e-11,2.9755841301503725e-09
0.0005655986461065008,3064621.218229027,2009011.5798150965,4658274.099890866,1.0783073125947084e-09,4.3159257367333766e-11,3.047769060476982e-09
0.0006155986501483515,2856871.9544062964,1832738.9957362572,4372686.060960208,1.0722843074419645e-09,4.079494717905859e-11,3.08871207389205e-09
0.0006700187503509591,2603955.4172524614,1623750.674760438,3978907.5167928,1.055796123685858e-09,3.715267200916198e-11,3.0369301775701997e-09
0.0007292496916841451,2330543.10734507,1403997.4940346146,3526612.1018799273,1.0351673977940438e-09,3.310364705207789e-11,2.9173138319663945e-09
0.0007937167617217558,2057695.5990993544,1180367.1133668185,3089111.1951657324,1.0239277836591141e-09,3.1690091127825387e-11,2.822468071064673e-09
0.0008638828442740454,1796480.1603815223,956174.41814687,2710993.992761037,1.0290944034132534e-09,3.463278197371844e-11,2.8201772260339208e-09
0.0009402517429670142,1553741.345316394,745286.9945960233,2390335.7725977083,1.0449557796243203e-09,4.0112479755276484e-11,2.9049726269773436e-09
0.0010233717986325214,1334278.8509715947,567779.9944260576,2100148.967050744,1.05816393195442e-09,4.4622190871298214e-11,3.0235444980426593e-09
0.0011138398264826206,1139082.2478390825,432393.49471821246,1820617.5831991597,1.0615410244005564e-09,4.6850734990040535e-11,3.1284588598928955e-09
0.0012123054013376529,969988.4376967933,334120.41978633567,1556907.8403939006,1.059550435967326e-09,4.8957325378055666e-11,3.1958137631812673e-09
0.0013194755216767086,828039.8165762586,263244.6848869088,1322771.667639927,1.0592900342481427e-09,5.4135531028162636e-11,3.212841306538268e-09
0.0014361196859990803,711371.4408936116,212233.3529398619,1124705.694164572,1.0648521026654416e-09,6.383220952712732e-11,3.1837299749449707e-09
0.0015630754179458174,617368.8850865613,177619.48942768984,963464.3992914216,1.0760626380976619e-09,7.702595052749532e-11,3.125823813245833e-09
0.0017012542798525892,542556.7850482943,157581.95288209495,835695.8411422941,1.0885895070202532e-09,9.059651505482186e-11,3.052935407897619e-09
0.0018516484179121578,483382.28887237376,149555.7404525169,736508.9348649966,1.0965987668958135e-09,9.916274924306271e-11,2.9771981058185467e-09
0.002015337685941735,436769.293482176,150145.82289775016,661131.2946632338,1.093037580400646e-09,9.673929238524501e-11,2.906963587816718e-09
0.00219349739890506,399544.6748842808,155677.0128161662,603588.1913966102,1.0750630484715573e-09,8.293697960723224e-11,2.8454655817099174e-09
0.002387406771860647,368976.7903431817,162090.71370858393,557008.1919173249,1.0494833737781742e-09,6.673402759564255e-11,2.797624275144359e-09
0.0025984581049292525,342628.52304939524,165562.24516419336,514797.5322394269,1.0254165517094013e-09,5.945459035082644e-11,2.7668284072630324e-09
0.002828166780230035,318971.533957303,164760.45453451006,473910.8151651749,1.0077510405677261e-09,6.359001890138339e-11,2.758122568286916e-09
0.00307818214256508,297890.78619275015,161100.17364955114,436090.63643986813,9.968435041386807e-10,7.09238038679036e-11,2.77994214327469e-09
0.0033502993419772366,279360.25794783916,156304.62627188815,403918.10955214704,9.897025283749407e-10,7.172995375045692e-11,2.8330146058309216e-09
0.0036464722232127525,263228.656422368,151090.91419755033,378707.95826848835,9.84040341451698e-10,6.377836613703852e-11,2.905353063076237e-09
0.003968827354637166,249250.4515245373,145234.26973841115,360488.1963292923,9.78622460115962e-10,5.185386764551668e-11,2.971782687944264e-09
0.004319679297334174,236811.85468774947,138398.54889682386,347610.16941034526,9.735631921922377e-10,4.197639079588451e-11,3.007809142838167e-09
0.004701547224022139,225471.47600690307,131209.770836683,337093.8421446105,9.733935467569912e-10,3.858035641276493e-11,3.005855970180745e-09
0.00511717300711461,214753.08761772234,124668.60980156076,325314.9048737695,9.83077667235777e-10,4.4064813782787116e-11,2.9673381226493223e-09
0.005569540905800136,204208.4858873196,119073.48572141085,310433.20081890456,1.002651808587265e-09,5.697532465661045e-11,2.9046787530166433e-09
0.006061898993497585,193861.58849797014,113897.00760031694,293835.822579749,1.0262353154379707e-09,7.116564827301752e-11,2.8486771602716824e-09
0.006597782479539547,183665.9335098553,108182.91257847744,277721.5865983846,1.0457697614306057e-09,7.996559379543522e-11,2.830310428287311e-09
0.007181039092537356,173594.0762004276,101444.64378153847,263545.68504763267,1.0599435774311013e-09,8.185045891521698e-11,2.867181189693508e-09
0.007815856707684091,163776.531331848,93855.36845958931,251945.0994423473,1.074002893412291e-09,8.03181432632106e-11,2.9609669797208205e-09
0.008506793416364171,154064.84395820336,85657.6031205974,242243.4499024537,1.0912539534602234e-09,7.880466193220302e-11,3.0936803253586673e-09
0.009258810253973964,144305.6688068834,77190.18637772869,232640.3008789888,1.1096506889880076e-09,7.726622830123707e-11,3.225422456988491e-09
0.010077306820944617,134344.21751466065,68818.35253658456,220714.5455785668,1.1222118784706085e-09,7.318185256951745e-11,3.3014359841956913e-09
0.010968160052731402,124024.13474852203,60631.887382521294,205199.2603489893,1.1239980897252054e-09,6.540097512467438e-11,3.294284411173564e-09
0.011937766417144382,113657.7369573932,52599.37533664682,187677.86366802602,1.1180684483318585e-09,5.6501814950278477e-11,3.2336043587104338e-09
0.012993087842004172,103635.43590478759,44668.87449504434,170763.28314876257,1.1095033397980822e-09,5.045107176630193e-11,3.168256229514213e-09
0.014141701702890239,94078.1713341111,36978.401483264664,155851.33385900388,1.101133508601395e-09,4.8692973248042255e-11,3.12411789525732e-09
0.015391855229902085,85010.44615101538,30071.66413267416,143014.57788202746,1.0935669381464605e-09,4.941337871827824e-11,3.098088778985375e-09
0.01675252472408217,76297.12710678153,24431.470878352182,131498.7732913591,1.0853880299110237e-09,5.0082354716063604e-11,3.0725549319007195e-09
0.018233480008684425,67873.70881195103,20018.027163381208,120497.45866791626,1.0775934160710804e-09,4.9935008022608395e-11,3.0394818602996924e-09
0.01984535457805803,59862.401158657216,16410.808224046636,109461.30773930138,1.073091900004884e-09,4.9765090491054474e-11,3.0021043270360765e-09
0.021599721947827215,52337.85643305809,13189.744850030682,98144.80352891571,1.0729206096437322e-09,5.002535674675212e-11,2.967856312177744e-09
0.023509178754572892,45433.14240799378,10212.466136054603,87140.2815087458,1.0766225444187603e-09,4.971174328544191e-11,2.953933433211464e-09
0.025587435201685892,39315.68225837293,7556.257958084083,77465.94948322336,1.0817760538288767e-09,4.71285310996402e-11,2.97717159927848e-09
0.0278494135008065,33994.91540317227,5305.368103139842,69588.14540751817,1.0868168746764502e-09,4.211779171550454e-11,3.038946261306909e-09
0.030311355015675823,29395.81896996502,3512.1691065277078,63304.316924888146,1.0933710622635736e-09,3.712496166313941e-11,3.1214344686584445e-09
0.032990936877709424,25415.33808076581,2204.991411301869,58068.534963369864,1.102137773013515e-09,3.518166491094262e-11,3.1949664524314745e-09
0.03590739891061055,21999.586538511227,1347.9079997036988,53416.59927019708,1.1118443952830957e-09,3.7253367814069146e-11,3.2389438509052644e-09
0.03908168177536272,19210.29483105732,860.1309859451565,49132.2582235603,1.1191214521026636e-09,4.2108578601947866e-11,3.243845367214064e-09
0.04253657732750392,17075.688220099884,655.361653481283,45107.85027747703,1.11970493109776e-09,4.8364761834149535e-11,3.2061579471597966e-09
0.04629689226627268,15491.707754806752,642.0223436100945,41423.38047906415,1.1137594519861873e-09,5.598699465554491e-11,3.1415782953540327e-09
0.050389626250651604,14273.117183601924,729.7040817973946,38282.6584830626,1.1040682598935907e-09,6.56331595233442e-11,3.0773987053076298e-09
0.05484416576121026,13261.08841495105,852.7315031962884,35758.17960369386,1.093283564312642e-09,7.678540765254247e-11,3.0351032005938046e-09
0.05969249509970739,12404.997757587887,972.4120919723229,33765.96140939152,1.085517903764678e-09,8.652999874260518e-11,3.0297511221989147e-09
0.06496942604146125,11705.370784862962,1060.9530209624993,32130.41891706801,1.0834902380238674e-09,9.108063178344552e-11,3.0644725427857363e-09
0.0707128477894301,11145.417132036506,1093.3981902366884,30734.76233101888,1.087217203464451e-09,8.952998737621293e-11,3.1257473814652675e-09
0.07696399902471167,10686.903297002546,1044.6271961493328,29601.885059406723,1.0946182644877416e-09,8.488318553219162e-11,3.1837740047353452e-09
0.08376776400682924,10282.496066985386,902.0017574039422,28755.583161487553,1.101890472216268e-09,8.103766079886527e-11,3.2058326519666292e-09
0.0911729948498494,9927.332447574503,697.9255901214693,28165.69239392702,1.1078187140696892e-09,8.028002491176322e-11,3.1851011440528473e-09
0.09923286228832566,9659.375185492785,504.5040819991166,27750.932666902725,1.1129674249199487e-09,8.307337631745941e-11,3.1378444230922475e-09
0.1080052374516254,9508.59106990457,374.79250013284656,27422.59569210941,1.1164619054924884e-09,8.829006864063942e-11,3.0828441766805987e-09
0.11755310738783699,9489.063582139472,305.6876352096707,27195.219709732115,1.1171245144865821e-09,9.30883495889988e-11,3.0407396042776813e-09
0.1279450273207876,9595.02738417295,263.19084661619934,27137.180356917852,1.112661286063315e-09,9.379627172950956e-11,3.0265322440596977e-09
0.13925561288744648,9810.929027609282,231.20801664287083,27329.041997095715,1.1027174994035218e-09,8.870023935821172e-11,3.0393114201937427e-09
0.15156607589006044,10124.523248515045,231.86603205577487,27887.28128889066,1.0922834940605104e-09,7.944824648484232e-11,3.062779831101481e-09
0.1649648074098024,10519.540952764502,301.3447988492101,28888.01939807315,1.0865515793908565e-09,6.899175615900762e-11,3.0751573272649305e-09
0.1795480124687834,11001.191151503868,451.4916934622253,30332.468840794667,1.0881975508121202e-09,5.964846938112463e-11,3.0750920382638277e-09
0.19542040079740555,11592.165918071838,660.1068631145528,32142.015465489967,1.0972437461966368e-09,5.299016043973107e-11,3.0834297161554274e-09
0.2126959386668692,12301.967396308257,889.5103487060309,34231.5431519877,1.110824292338182e-09,4.9720771915094676e-11,3.1135709235986397e-09
0.23149866718511658,13128.089997497158,1095.5100523826052,36643.45570684479,1.1259035013649259e-09,4.9384541752049994e-11,3.1551425252886074e-09
0.25196359293170184,14045.921345356455,1230.805977186261,39446.87540872867,1.1388850377804467e-09,5.0666372979542e-11,3.1791294471414634e-09
0.27423765732649524,15044.848886619186,1277.1794763938005,42594.57897070724,1.147687415707428e-09,5.2060257339137504e-11,3.1702912601657914e-09
0.29848079169243336,16161.804729317635,1270.6037468042769,45864.34721839028,1.1556085095129727e-09,5.221968287193624e-11,3.153674215768226e-09
0.3248670655878381,17425.18652078821,1273.3331462605636,48925.28069204226,1.16678242053072e-09,5.037701032982588e-11,3.165990686510531e-09
0.3535859366535183,18826.917297634584,1335.0960045749293,51733.675823341444,1.1829928181139126e-09,4.7675305189941026e-11,3.2152571957967746e-09
0.3848436109487433,20305.09462584066,1484.8520935806637,54622.30065746502,1.203696238286739e-09,4.749877472818925e-11,3.2724689980189215e-09
0.41886452354352793,21772.630932402528,1735.7180709307988,57886.50292830985,1.2262676790582252e-09,5.268869650205773e-11,3.299888413424604e-09
0.45589294999810687,23229.76360179025,2081.940997833554,61531.14905530825,1.2507410050177397e-09,6.204652035530248e-11,3.296905764134974e-09
0.4961947603002908,24733.422796932402,2495.503064487192,65245.5648563018,1.2795108156964024e-09,7.050717526354101e-11,3.299918409713833e-09
0.5400593278542374,26325.072092373688,2936.5135693863976,68788.38068714346,1.3147434606005803e-09,7.34244277858461e-11,3.3476393284256e-09
0.5878016072274924,28034.342907492497,3355.0755128763262,72425.24709992361,1.3601424406787167e-09,6.988118369668629e-11,3.4680476588749344e-09
0.6397643955748437,29824.361384108615,3695.0002762131417,76574.43483758575,1.4188151741511913e-09,6.180753732526672e-11,3.6765417030173658e-09
0.696320793976389,31615.2561890746,3941.9894874428337,81268.21778050579,1.4928557230948151e-09,5.2555034989261025e-11,3.976758707410957e-09
0.7578768863625945,33303.763218593565,4145.939403679306,85942.3883725575,1.5844312829783616e-09,4.701290037608316e-11,4.358328671152731e-09
0.8248746552614599,34734.06826312515,4362.046969850102,89719.22132792619,1.6946106826656802e-09,5.038383066424723e-11,4.792969425699914e-09
0.8977951553033332,35838.42077196544,4590.6290154344715,92278.16855820638,1.8273263775737462e-09,6.576075920112071e-11,5.239999870671852e-09
0.9771619672696181,36642.780961784214,4773.755687436183,93961.98114862535,1.98934487740823e-09,9.365856770500576e-11,5.644713210078303e-09
1.0635449574860134,37157.81074911787,4871.756135920082,95182.54460225743,2.1883679790240138e-09,1.327244929742992e-10,5.973823111862913e-09
1.157564369553306,37448.73416712757,4959.919797842344,96335.33771791677,2.4360650160709123e-09,1.7880261996278686e-10,6.2793454136407555e-09
1.2598952777950285,37581.64247138026,5188.21347102318,97656.0082414903,2.7461088420699623e-09,2.2519299665926788e-10,6.675601282530478e-09
1.3712724343984037,37563.141358597175,5622.231622403247,99092.22630951353,3.1364992673474765e-09,2.673277559128796e-10,7.265302918790316e-09
1.4924955450518322,37410.4409248462,6146.217156767452,100427.73178971872,3.6310257654209287e-09,3.072883499763337e-10,8.105418510900492e-09
1.6244350109588688,37101.40541071204,6548.165630562507,101225.3072482146,4.251204614299914e-09,3.592469651926851e-10,9.20654654775634e-09
1.7680381784572086,36639.1894235904,6719.305852584258,101171.08884543974,5.010704186500608e-09,4.623819485586888e-10,1.0542909961557312e-08
1.924336141115984,36122.02190152719,6713.0105329199905,100281.68329945464,5.9036029813892885e-09,6.856591615886433e-10,1.2037809164800471e-08
2.094451143151473,35611.21004621387,6617.663062282509,98591.4469005543,6.909496167262239e-09,1.0966601093274838e-09,1.3591748318447446e-08
2.279604637318982,35126.420639307624,6460.194725497813,96328.86888335973,8.008591424122978e-09,1.7082180962342724e-09,1.515219358766758e-08
2.4811260551377754,34652.07461394291,6202.567755854879,93907.11516143545,9.162343492121445e-09,2.4646143284625912e-09,1.6690316755642345e-08
2.7004623524206877,34130.7631229167,5807.305569026176,91561.0267128041,1.0320799681231231e-08,3.2721479492587406e-09,1.8200397858544957e-08
2.9391883986468903,33575.422597407494,5322.782695310025,89425.2814628744,1.1436863905255283e-08,4.002816856619887e-09,1.974139189803415e-08
3.1990182847750672,33019.96892458666,4856.952560866128,87507.15268714621,1.2439872125667355e-08,4.518672340676835e-09,2.135714607705311e-08
3.4818176306889734,32473.905938750835,4492.15680146941,85756.67651949459,1.3272877459842322e-08,4.803040176078417e-09,2.3001807661732858e-08
3.7896169806447237,31971.69168638827,4262.821203372906,84278.15790145323,1.3916158589233286e-08,5.027590354344249e-09,2.4502216576095893e-08
4.124626382901356,31502.120577657628,4157.374740070485,83080.15963148813,1.4339825141509958e-08,5.394799651454353e-09,2.5586630389017957e-08
4.489251258218608,31022.304284734644,4110.747421654425,81981.47432514546,1.4530216059606563e-08,5.921871604899835e-09,2.6083152296109548e-08
4.8861096711603365,30486.343763343495,4013.6919839834172,80660.58159487692,1.449528339396151e-08,6.399025940521379e-09,2.5956721779518074e-08
5.318051128214208,29829.41083855774,3782.999722335351,78769.49747948546,1.4232400793533119e-08,6.5796315297822384e-09,2.523134497723392e-08
5.7881770377012804,29082.81966494364,3457.83523517414,76403.51458086756,1.3780374834437756e-08,6.389947686614871e-09,2.4104119711581106e-08
6.299862978380706,28347.567620542653,3176.855622772984,73984.33810228597,1.320730580134146e-08,5.904248347712569e-09,2.289538539210665e-08
6.856782936641752,27680.61624217616,3051.3232043028647,71745.27136639494,1.2559845435574914e-08,5.222898706705555e-09,2.182439799989824e-08
7.462935686310145,27114.0989316307,3096.784065042413,69668.57176484015,1.1887424118481722e-08,4.4499286495714226e-09,2.0962788995404098e-08
8.12267350047972,26635.894825613475,3254.5651030445174,67578.97621820496,1.1226335099352433e-08,3.679954665899995e-09,2.027114637041103e-08
8.840733401525082,26225.925259063224,3425.8964625730923,65531.39355091432,1.0590163930543965e-08,2.9762057400118064e-09,1.968067874359764e-08
9.622271173675154,25906.22652219058,3484.3912378773784,64054.41794421575,9.99498960644903e-09,2.388158698074638e-09,1.915648963817947e-08
10.472898382363617,25672.033357378827,3335.6767127765143,63610.90753389881,9.44453614113611e-09,1.9456793800661608e-09,1.8667526618836312e-08
11.398722666160525,25501.473617622014,3032.517437886751,64087.6094878013,8.943657392051973e-09,1.6350413173537155e-09,1.8219887035692192e-08
12.406391590588344,25361.448700259472,2770.941884591737,64813.317466999375,8.508655930783844e-09,1.4108195378915992e-09,1.7852242577107367e-08
13.503140378698777,25208.475160936498,2725.904999977774,65152.3480452362,8.143909910682536e-09,1.2322634564479071e-09,1.7553863195743423e-08
14.696843861124474,25075.625068159752,2929.613295887804,65168.26057865407,7.850367738482014e-09,1.090711658602296e-09,1.7253695289726818e-08
15.996073018614911,25018.93649398229,3302.1753138553963,65337.88181485822,7.623606194914796e-09,1.0017994462127064e-09,1.6837041828162867e-08
17.410156523040225,25035.63752063857,3736.6429253599053,65929.23229243545,7.45149782850504e-09,9.75587191958955e-10,1.6248992823469264e-08
18.949247718738235,25070.82377269009,4123.387657168824,66810.39281702497,7.328073902687591e-09,1.002442860331369e-09,1.5593415314360402e-08
20.624397525140967,25020.94619447594,4351.1219012592455,67526.04691852558,7.24145705858822e-09,1.0624189281134828e-09,1.5019235204020236e-08
22.44763378413224,24849.131329090633,4347.096468555432,67691.6993632328,7.1785611223150665e-09,1.139752181266252e-09,1.4600865702152176e-08
24.432047621864918,24622.69982335042,4087.7994317345883,67126.33782417142,7.130545275943619e-09,1.2247541582485924e-09,1.433281312116321e-08
26.591887445127018,24391.474705739274,3600.648054257699,65748.72107686252,7.083782053666888e-09,1.3108637927570326e-09,1.41646066222397e-08
28.942661247167518,24169.249838454398,3024.09334761333,63856.56214155997,7.038267850348944e-09,1.3961272003116493e-09,1.4070775394896309e-08
31.501247957553343,23926.129760721065,2577.14410497322,62025.595452379755,7.000901129019829e-09,1.4789242672927635e-09,1.404227723708072e-08
34.28601863556597,23607.235137178403,2373.6601239874226,60624.66032511706,6.966330000429584e-09,1.5545847535458279e-09,1.4037446219041261e-08
37.316968377327555,23216.249258049484,2304.484772500338,59702.366958010345,6.923891181810042e-09,1.61591067590772e-09,1.398183201678096e-08
40.61585988376988,22767.46518914791,2154.5565022018136,59035.291506392154,6.853877141072338e-09,1.6514826497213725e-09,1.3777581238115387e-08
44.20637972028548,22269.09942855402,1845.1386205533088,58354.61674673949,6.748566127035196e-09,1.6536008965867586e-09,1.339814778647685e-08
48.11430839003265,21758.57728940647,1525.273852941994,57515.24963409459,6.6312235278971e-09,1.6229730062799078e-09,1.2949817540552005e-08
52.36770544204666,21250.716156933166,1395.644588569745,56414.01439142511,6.525013764316597e-09,1.560065573582125e-09,1.2560111974912245e-08
56.99711094326075,20760.640653568546,1482.7306809362544,55163.676740937786,6.4414885948393656e-09,1.4654720719067899e-09,1.2294044728189698e-08
62.03576476104281,20315.21590913605,1622.7098736743544,54102.29700032524,6.3808598726433846e-09,1.3430397334603008e-09,1.215154067860268e-08
67.51984523072522,19907.522554968262,1640.9683166866116,53462.06967171014,6.3287503551398975e-09,1.2025250991774837e-09,1.2085237541463783e-08
73.48872892180388,19527.955156552656,1498.4999989979017,53276.47957429076,6.2723586497033995e-09,1.0715946783215955e-09,1.2040516804860258e-08
79.98527336796724,19152.58255479716,1264.8157344655162,53397.149997004824,6.194274793086913e-09,9.87427020414616e-10,1.1952623645615183e-08
87.05612479099892,18745.909231506834,1024.4211712388828,53652.16300562661,6.072007724329299e-09,9.615879821775253e-10,1.1767692739664554e-08
94.75205302806548,18305.811112224506,843.2823234486362,54010.02260022023,5.892236884718066e-09,9.620491488639728e-10,1.148162123508664e-08
103.12831606721869,17811.396690828173,761.8839153190637,54409.66402833116,5.639351000727313e-09,9.37177142190721e-10,1.110370418700142e-08
112.24505680853105,17208.05015368478,772.623668211762,54683.63724061446,5.307656407644902e-09,8.577804511575371e-10,1.0656131594829862e-08
122.1677348996793,16410.402844175987,818.0408934393424,54481.917832203195,4.909857859463409e-09,7.287262848081136e-10,1.0174950918673138e-08
132.96759674662152,15261.209419356119,831.7801717564768,53082.667670804614,4.440744346212796e-09,5.689368545279849e-10,9.620514935004123e-09
144.72218707411403,13575.878738845024,779.5317679348914,49440.647405792566,3.8659812288705194e-09,4.019068127389777e-10,8.8192604977214e-09
157.51590570916244,11200.585113133113,658.6223017457869,42418.33901244563,3.142068137625082e-09,2.5461659785770757e-10,7.518912113895509e-09
171.44061358519755,8180.3711369455705,485.44436432909424,31852.229404653783,2.2733062589392506e-09,1.4473175013146127e-10,5.635154624104148e-09
186.5962923181746,5023.471029166625,299.0708660759621,19891.38403984817,1.3885499659867813e-09,7.322284974078584e-11,3.5175476467563674e-09
203.09176209047388,2488.800698069969,148.34078366921779,9945.28130304013,6.859912451243891e-10,3.200714597148282e-11,1.7586016249037557e-09
221.04546299710285,968.883311209436,57.77405418137928,3889.782891375333,2.666736937320439e-10,1.1605040022892355e-11,6.878316599206863e-10
240.58630546440668,292.0577022983266,17.418433105758773,1175.2364631542896,8.032906857837505e-11,3.3702302132576684e-12,2.0782111072434758e-10
261.8545958474238,67.65292950288566,4.035170618899659,272.5405702602651,1.8601281917748814e-11,7.662392276438667e-13,4.819481220772878e-11
285.0030438518117,11.99740433198658,0.7156136144486773,48.35789717124244,3.2981645337010413e-12,1.346450537520215e-13,8.551436176832911e-12
310.19785901381,1.6258174444647404,0.0969774100788853,6.554886293738829,4.469125647664642e-13,1.8165603958696747e-14,1.1591458366033283e-12
337.6199441111347,0.1682108293955836,0.010033589105957327,0.6782685832541872,4.6236857714147856e-14,1.8754472652815467e-15,1.1994309156715072e-13
367.4661940736703,0.013281528390120277,0.0007922315070819302,0.05355769455296524,3.650686489087685e-15,1.4792910146267693e-16,9.470997273475496e-15
399.95090972036695,0.0008001380212239188,4.772761949778932e-05,0.0032266452709196,2.1993159140366795e-16,8.907520706805451e-18,5.705913779676481e-16
435.3073364731901,3.677576722607371e-05,2.1936482779855454e-06,0.00014830440303913877,1.0108405186800686e-17,4.0930896656377866e-19,2.6225760848153092e-17
473.7893390963144,1.289490229338609e-06,7.691720510816271e-08,5.200118355887176e-06,3.5443621417292643e-19,1.435021766762269e-20,9.195753332122843e-19
515.6732244854974,3.44924485142218e-08,2.0574512471229212e-09,1.390978996237662e-07,9.48077069553931e-21,3.8383178606618462e-22,2.45977097719442e-20
561.2597255954989,7.038416144541117e-10,4.1983680832213094e-11,2.8383905161531713e-09,1.9346141496749825e-22,7.83214254206978e-24,5.019335845809428e-22
610.8761607505039,1.0956416878546137e-11,6.535429583497363e-13,4.418410580159976e-11,3.0115347024859073e-24,1.2191826967942438e-25,7.813402231835604e-24
664.8787838417277,1.3010792968122678e-13,7.7608513920733e-15,5.246883717724243e-13,3.576210255911936e-26,1.4477761600709754e-27,9.278452595639753e-26
723.655342286968,1.1786370177537078e-15,7.030491424400918e-17,4.753109533360411e-15,3.2396592496675443e-28,1.3115247541116804e-29,8.405275196717347e-28
787.6278611187063,8.145115220355441e-18,4.858507084115916e-19,3.284694720752222e-17,2.2388060809743164e-30,9.063439774633244e-32,5.808568663732792e-30
857.2556731909342,4.2939315109730696e-20,2.5613016086404193e-21,1.7316212630514164e-19,1.180250936513836e-32,4.778049553749536e-34,3.062153979468135e-32
933.0387172620399,1.72684621356428e-22,1.0300522909190117e-23,6.963883025754953e-22,4.7464936137637593e-35,1.921538377710065e-36,1.2314749523712226e-34
1015.5211276345691,5.297766998471419e-25,3.160082810947525e-26,2.136439812048722e-24,1.4561700376762514e-37,5.895059439808067e-39,3.778024568082415e-37
1105.2951411260244,1.2398600679690669e-27,7.395682918798551e-29,5.000005516478838e-27,3.4079397604902604e-40,1.3796469858013228e-41,8.841879643037837e-40
1203.005349423329,2.2135692561138294e-30,1.3203793526451864e-31,8.926699713901252e-30,6.08432424819257e-43,2.4631360630874865e-44,1.578574347999723e-42
1309.3533273536123,3.014769929336585e-33,1.7982902305523963e-34,1.215771578747008e-32,8.28654343105083e-46,3.3546673055220413e-47,2.1499388225975956e-45
1425.1026703030022,3.1322459245634315e-36,1.8683638811663172e-37,1.2631463308156626e-35,8.609443670783093e-49,3.485387992774282e-50,2.2337151013644727e-48
1551.0844769528405,2.482550821092675e-39,1.4808250689965956e-40,1.0011426423549038e-38,6.8236600724764e-52,2.7624436263344854e-53,1.7703945966496242e-51
1688.2033167003663,1.501001269116036e-42,8.953372833429904e-44,6.053114257050056e-42,4.1257251780917545e-55,1.6702302108838342e-56,1.0704169735883165e-54
1837.4437246107323,6.923163488915703e-46,4.1296210188923e-47,2.791916334984806e-45,1.9029344282064872e-58,7.703708878808555e-60,4.9371521945538536e-58
1999.877270535287,2.4359520312430966e-49,1.4530292005030043e-50,9.823506664723088e-49,6.695576369241314e-62,2.7105910923010953e-63,1.7371633555140075e-61
2176.6702531534634,6.5384302123882e-53,3.900130175884484e-54,2.6367642689661764e-52,1.7971847663808237e-65,7.275599215613401e-67,4.662785318430344e-65
2369.0920741826417,1.3388097600708908e-56,7.985911259142806e-58,5.3990417021343335e-56,3.6799176984691844e-69,1.489752574071644e-70,9.547524850288282e-69
2578.5243528842766,2.0912447473300788e-60,1.2474135961217617e-61,8.433399529173546e-60,5.748097143478356e-73,2.32702011751144e-74,1.491340427049605e-72
2806.4708463098445,2.491904950209349e-64,1.486404744878908e-65,1.0049148986840602e-63,6.8493712868374914e-77,2.7728523681119215e-78,1.7770653565832967e-76
3054.5682465154446,2.265159034626335e-68,1.351152312888653e-69,9.134746739015772e-68,6.226126422110855e-81,2.520542203152579e-82,1.6153648425677154e-80
3324.597932270945,1.570748092944412e-72,9.369408003166656e-74,6.33438350266227e-72,4.317434694193047e-85,1.7478405702409837e-86,1.1201558950548525e-84
3618.4987596427577,8.30911939970997e-77,4.956334510454551e-78,3.350833216580195e-76,2.2838850185870233e-89,9.245923044560581e-91,5.925526263637795e-89
3938.380983288489,3.353081230396994e-81,2.0000906737667275e-82,1.3522029741321056e-80,9.216442344631831e-94,3.731121136549954e-95,2.3912005519529778e-93
4286.541408420934,1.0322235561734419e-85,6.15714492458149e-87,4.1626661172826306e-85,2.8372199295383342e-98,1.1486006044730861e-99,7.3611504394382e-98
4665.479882234487,2.424063952176178e-90,1.4459380403342256e-91,9.775565399085567e-90,6.66290021619508e-103,2.6973627021958788e-104,1.7286855468535724e-102
5077.917243205404,4.342651686878567e-95,2.5903628756750526e-96,1.7512687952155835e-94,1.193642388740911e-107,4.832259758781079e-109,3.0968981653255964e-107
5526.8148571446145,5.934806138243379e-100,3.540072426551017e-101,2.3933397253488264e-99,1.6312697140716203e-112,6.603920126647863e-114,4.232319689977249e-112
6015.3958802748575,6.1872646635981235e-105,3.690662259418008e-106,2.4951491195666066e-104,1.700661693670851e-117,6.884841844711988e-119,4.412356773392043e-117
6547.168402004743,4.920751871265621e-110,2.935195794368908e-111,1.984400274879148e-109,1.352541820419556e-122,5.475537290339901e-124,3.5091618073331376e-122
7125.9506335684255,2.9854159949601717e-115,1.780780803847964e-116,1.2039339670065195e-114,8.205859775438219e-128,3.3220038390956525e-129,2.1290054980604385e-127
7755.898323389033,1.3817162352668352e-120,8.241845532689602e-122,5.572071400469291e-120,3.79785252547269e-133,1.537496498258843e-134,9.853506066184616e-133
8441.534596012994,4.878355913177754e-126,2.909906887077238e-127,1.967303182181872e-125,1.3408886609368673e-138,5.428361440887772e-140,3.4789277535138453e-138
9187.782428863358,1.3139193851568919e-131,7.837441826670215e-133,5.298665848810151e-131,3.611502801964218e-144,1.4620559577365035e-145,9.370022803286193e-144
10000.0,2.699632043154891e-137,1.610312575540155e-138,1.088685369362317e-136,7.420340089557385e-150,3.003999451549056e-151,1.9252028770260465e-149
