tau,gamma,gamma_lo,gamma_hi,ftp,ftp_lo,ftp_hi,fbp,fbp_lo,fbp_hi
1e-07,0.0001647104513768776,1.671567975350441e-05,0.0004998107959253242,3.702060640381096e-05,2.079845234683768e-06,0.00014943764769016006,3.1739193072850136e-05,1.3861939217128778e-06,0.00011362779654289653
1.1097524964120721e-07,0.0008424421565106864,8.650243695060187e-05,0.0025484213242363126,0.00018942761741975444,1.0728476066225825e-05,0.0007620505396905971,0.00016239441457101527,7.223747413430758e-06,0.0005797272401954868
1.2315506032928263e-07,0.0029083892406476445,0.0003069853324466601,0.008732239259882256,0.0006546198299614282,3.77912019998666e-05,0.0026120717994564126,0.0005611164527092383,2.604432481308066e-05,0.0019894743028316827
1.3667163564620074e-07,0.006926257640149047,0.0007770159960074213,0.020436576207386602,0.0015625405923414735,9.414991647373852e-05,0.0061185556022526795,0.0013388113771373126,6.805225186087042e-05,0.004672645750827125
1.5167168884709241e-07,0.011913374070759942,0.0015041127917745617,0.03386559135779663,0.0027005651079613333,0.0001771646697614737,0.010163233156563825,0.002311136636111122,0.00013856817480141162,0.007802866919670712
1.6831803533309585e-07,0.016042963814421808,0.002433449494629832,0.04261514378021999,0.003667531962812668,0.00027605082246672956,0.012874149579154285,0.003127508177840658,0.00023616552749153126,0.009960002920910446
1.867913599020781e-07,0.018725154127670667,0.003525840761224356,0.04523313676635501,0.004330182897018493,0.00038648461271395166,0.01390497110525442,0.0036579563233267703,0.0003485264202477995,0.010790047764159592
2.0729217795953698e-07,0.020540644184407358,0.004750607634077199,0.04495873504578726,0.004808763252068336,0.0005080973334168414,0.014339078726263678,0.003985679635364166,0.0004525290272998437,0.010963553887575434
2.300430119772917e-07,0.022027210054764376,0.006101544628342823,0.04434031251338585,0.005218443705476485,0.0006367311431677291,0.014972391517807014,0.00420992354596552,0.0005331988505993382,0.011071843383834558
2.5529080682395163e-07,0.023282475254111465,0.007561803116283593,0.04371151649339735,0.005581142793281455,0.0007596891888162602,0.01579535161424767,0.004380123363017852,0.0005860361433971308,0.011289366145755693
2.833096101839324e-07,0.02423532935915849,0.009083639606637713,0.04276671751127593,0.005877627613513272,0.0008684357898156312,0.016538118883974346,0.00450937975820042,0.0006080360733626369,0.011555352530599416
3.1440354715915e-07,0.024927524075705018,0.010552334080827836,0.041794934984285007,0.006104732452709707,0.0009650492986621574,0.017052981375140337,0.004607054328484274,0.000596607107053649,0.011742857618124922
3.489101213406774e-07,0.02541006486059922,0.011784227659798207,0.041198017594819045,0.00626191084527709,0.001044682598418688,0.017289162078652075,0.004667086394576694,0.0005522507694568135,0.011754260476914897
3.872038781812557e-07,0.02579973387164178,0.012593696862479768,0.04115174802122273,0.006377825805213857,0.0010861303316467296,0.01736518169884882,0.004684195595935771,0.000490497483542474,0.011673413907893112
4.2970047043208437e-07,0.026172155444367583,0.012853154065460832,0.04156577766534682,0.006475424283509134,0.0010677435428711126,0.017410876030833543,0.004654291013698109,0.0004301529102983648,0.011653351481740699
4.768611697714474e-07,0.02659476165125677,0.012776412822671586,0.04226350342999601,0.006569185131454194,0.0010093883434649316,0.01748590351127693,0.0046136961112189364,0.0003781699539936021,0.01182451716953248
5.291978735958437e-07,0.02708935749413155,0.012745093949674902,0.04301590627362128,0.00665357437338433,0.0009524369004013245,0.017568459902395257,0.0046126993183494645,0.00033272302976253623,0.012226192326410928
5.872786613189477e-07,0.02767017339062869,0.012890559606363552,0.04378230963891485,0.006715446531545926,0.0009039667044410913,0.01763571044366574,0.0046567083032553755,0.0002915220727768847,0.012705846562995934
6.517339604882421e-07,0.028351324076301025,0.013077199491884213,0.04470294515722581,0.0067384620615471985,0.0008403422832374188,0.017676985035180916,0.004705826092033522,0.00025714453536886984,0.012951197851221827
7.232633896483533e-07,0.029149357487261218,0.01320895910134472,0.04589537831499479,0.006713899039635886,0.0007653929675979514,0.017656028388608518,0.004730700828787715,0.00023923467070064715,0.012817073639412594
8.026433522257174e-07,0.030126911611280303,0.013370829494337906,0.047456349616888736,0.006660348782755418,0.000731970112289081,0.017545238109567634,0.0047428213713116485,0.00025358091020017114,0.012474911395388876
8.907354638610439e-07,0.03129756532096734,0.0136453661777747,0.04940403561579257,0.0065881945836653915,0.000769033894015899,0.017343209768619104,0.004757125314749466,0.0003008178199701005,0.012148057083278293
9.884959046625586e-07,0.03267868964608316,0.014027180820839863,0.05182769564268837,0.006511446866054724,0.0008318809274113815,0.017176044628696686,0.0047892395008870044,0.00035091611105464925,0.012022508292171644
1.096985797892384e-06,0.03427524833165302,0.014374996955772325,0.05485346767711192,0.00642755402780844,0.0008575172020199691,0.017117025084881655,0.004836671458958231,0.0003764438936198816,0.012165714525335741
1.217382727739662e-06,0.03625168632133869,0.01442988833828137,0.05888994027598945,0.006338472828707036,0.0008298070651983725,0.017092341880456014,0.004887952712078925,0.0003908645661117949,0.01248402373862656
1.3509935211980278e-06,0.03879680635708354,0.013869076411267205,0.06440833452452112,0.006239784187120878,0.0007685871431429808,0.01694330418750109,0.00492305753253429,0.00042076596050785736,0.012797186405334754
1.499268432786047e-06,0.042114876353312646,0.012602279564644167,0.07184582245704871,0.0061402892046501035,0.0007163756292736636,0.01666426804246015,0.004947416170440959,0.000458005624048041,0.01302896161142591
1.6638168860761274e-06,0.04647592671607143,0.01088190161716935,0.08153784591542487,0.0060534127407088825,0.0007175253490677827,0.016364277850106707,0.004979950307106041,0.00046858334048990104,0.013188391851294362
1.8464249428955464e-06,0.052553034342146115,0.009517610913417266,0.09399036063061603,0.005982881695918806,0.0007634558470696919,0.016118432934070386,0.005029451310959996,0.00044666880799248146,0.01333263822361123
2.049074689815846e-06,0.06145003863363708,0.009945275600812395,0.1099597714644193,0.005926522359557343,0.0007909120780091322,0.015946853521656486,0.005091911827861247,0.0004229733318708961,0.013535069625853595
2.2739657523579273e-06,0.07427224765304645,0.013349917833176761,0.13091014446655203,0.005876052923835496,0.0007564238998503689,0.015810369769444277,0.005155623606230023,0.0004205085698164694,0.013769560035617308
2.523539170434766e-06,0.09185965255614563,0.020394038379320138,0.15903168758427244,0.0058357651623447745,0.000672581540135083,0.01566838501494421,0.005217031483168693,0.00043735622167364533,0.013906961143345999
2.800503894183631e-06,0.11500490819972042,0.031999797729265575,0.19615749993003348,0.0058053054919319615,0.000575104849581623,0.015504469092706334,0.0052703042633213786,0.0004647711208399786,0.013857301770692944
3.107866187782014e-06,0.14427501933516615,0.04957352948883332,0.2423620655732497,0.005795974519257694,0.000507083604076991,0.01542453566718326,0.005325384819593894,0.0005025031217527258,0.013757433491919066
3.4489622604057595e-06,0.1795684699520979,0.07436641376280405,0.29557343671294467,0.005805536411351568,0.0004914169322742864,0.01549545944935692,0.005382527434546364,0.0005595619298084487,0.013754715939823492
3.827494478516315e-06,0.21957577798445743,0.10597841242121141,0.3514020309475409,0.005822695550999242,0.0004959441020656884,0.015634280236204386,0.005436754555210956,0.0006539847612323168,0.013832299432099184
4.247571552536894e-06,0.2615043894950567,0.14247359703905899,0.4036864381601572,0.005824410359758934,0.000467477578025579,0.01567973721747762,0.0054712517760284385,0.0007941708078451556,0.013863618427311956
4.713753134116729e-06,0.3030001573887557,0.18159782318221587,0.4502325838087043,0.005809665973056866,0.00040465072718410725,0.01565585207927234,0.00548380259916885,0.0009442642182483918,0.01383687463041435
5.2310993080562585e-06,0.34120768765633547,0.22014280502998318,0.49116378496241286,0.005793518570552252,0.0003540494858109881,0.015718956498193118,0.005482425205773923,0.0010366017239755068,0.013840888570984549
5.805225516094895e-06,0.3744051653927356,0.25579070247352687,0.5275685180369217,0.005786196444908633,0.00034987989608265403,0.01588028732840594,0.00547580532038259,0.001055804334692475,0.013914331126126004
6.44236350872137e-06,0.40160522770985585,0.28654379283742226,0.5599875946583843,0.005794266797476964,0.00039717836515413884,0.015968312725494257,0.005475739867831478,0.0010527010728460184,0.01401982937343495
7.149428986597577e-06,0.4217121476621353,0.31057316026831644,0.5858057401799036,0.0058122252864361325,0.00048126150303180233,0.015861667234458327,0.005478432257342174,0.0010625303282508249,0.014092184260334387
7.934096665797492e-06,0.43425079832925884,0.32661361182754567,0.5996304546708389,0.00583842775299965,0.0005686563935715712,0.01567209742959054,0.005475307954485353,0.0010692876572181986,0.014111292633032787
8.804883581643465e-06,0.4380817131127495,0.33287095413878337,0.5964814779334738,0.005864013231740237,0.0006229606481913493,0.01553893872170663,0.0054528852141756965,0.001045103033719566,0.01405965763201479
9.771241535346501e-06,0.4337040542435831,0.3289540857380113,0.5795721264247913,0.005895728106826835,0.0006214586010994535,0.015561010333331168,0.005424567189306217,0.0009927148158329993,0.013973290255393608
1.0843659686896109e-05,0.42156576584039057,0.3150007458311086,0.5545478216412734,0.005936337907769855,0.0005648674173673914,0.01580284201249422,0.005399852956627843,0.0009315751775019125,0.01387971256645867
1.2033778407775906e-05,0.4039296367920503,0.29444762555826226,0.5271387779242662,0.00599662610085239,0.0005071693784909647,0.016377833931155994,0.005377967893917039,0.0008845355100280291,0.013811659651182327
1.3354515629298974e-05,0.38331741964553123,0.2720154009883362,0.5012839549506434,0.006080009256916598,0.0005248197610459735,0.017320994451515567,0.005344827063755241,0.0008686934661144675,0.013769209434682333
1.48202070579886e-05,0.3607877720857147,0.24991149057909193,0.47715436372484643,0.00618131847953629,0.0006345833867468847,0.018343821485162767,0.005300474394384338,0.0008785111734198976,0.01370857808780178
1.6446761779946626e-05,0.33638513715361895,0.22815318315161384,0.4523666612765441,0.006285785940493115,0.0007901269485689478,0.018893013231624737,0.005259325094333113,0.0008906994696782989,0.013561470774468828
1.8251834943190462e-05,0.3097732214218984,0.2057779487551316,0.42477941711005346,0.0063833334632713125,0.0009380349143746416,0.01878769446974493,0.005228313553756547,0.0008931049959795155,0.01332889704995722
2.0255019392306664e-05,0.281859831484346,0.18242959049798096,0.3948073119474189,0.006479626615895663,0.0010350471291039104,0.018418726650920703,0.005211215603097489,0.0008914121828276612,0.013132451064645584
2.2478058335487252e-05,0.2532115849642765,0.15795251466175922,0.3626726277816552,0.006569040271919978,0.0010660107476235684,0.01813149883297771,0.005205688946343234,0.0008811999199478139,0.013045653640507181
2.4945081352303165e-05,0.22502304178177066,0.13347900942102464,0.3292649816232727,0.006644836415517298,0.0010593091119737823,0.017977746150300226,0.005221702185538221,0.0008359894199876122,0.01305133262098378
2.7682866303920665e-05,0.19801528739226956,0.11018095498508856,0.29489636660786445,0.006694690575937858,0.0010460990578202401,0.017872571792385657,0.0052545236607730705,0.0007333346517720404,0.013079283526701216
3.072112998861759e-05,0.17285123581282733,0.08905210900363413,0.2606539207860187,0.006739568162635474,0.0010336508622923193,0.01784806557594216,0.00528718498501521,0.000594285687655177,0.013117304482237548
3.409285069746814e-05,0.1498928114727755,0.07073052910437665,0.22783493150181536,0.006796869535028333,0.0010123632796730747,0.017948476289556807,0.005295084252918701,0.00046500626468213007,0.01319219067871225
3.783462617131933e-05,0.12905334796730975,0.05499005101497655,0.19787537328843222,0.006866637841151144,0.0009757904298415964,0.01812563456524779,0.005292408040039307,0.00038973646322303167,0.013410935724403352
4.1987070844439056e-05,0.11023722298633139,0.041534340676555336,0.1722678711731002,0.00692569837517602,0.0009242853116829547,0.018247950994363955,0.005310525850282029,0.0004008159647639414,0.013859924058029676
4.659525668664687e-05,0.09343224225529694,0.030824663248990088,0.15073041089899938,0.006958887820720599,0.0008691552541312049,0.018280617014810308,0.005355952639692358,0.00048431314289707617,0.014404069513020293
5.170920242896755e-05,0.07910925771109623,0.024117329978937913,0.13185856112914673,0.006965642282661987,0.0008304528312700685,0.018308538041489388,0.005407869779951981,0.000581753810175127,0.014716050321626829
5.7384416483024044e-05,0.06726852289101241,0.021032537348550335,0.11450263318449738,0.006950655711882474,0.0008126019338204121,0.018407744190925366,0.005449956283975517,0.0006457473742711625,0.014698500508095222
6.368249944718586e-05,0.05751937066957728,0.01881232591610777,0.09891972838669608,0.0069372175445613455,0.0007974804190104024,0.018630573561331923,0.005494196092848364,0.0006613897024821863,0.014649906013091749
7.067181273927492e-05,0.04936313020619706,0.015397659029048811,0.08545652805353557,0.0069345737656420605,0.0007619335847061766,0.018939245649677982,0.005548333724926653,0.0006445414455345766,0.014764805792038383
7.842822061337681e-05,0.042622638492733504,0.011565961778551494,0.07421819549456841,0.0069498207506838,0.0006959915750078102,0.01923410787180181,0.005618845650042876,0.000647971440781577,0.014878156397581057
8.703591361485166e-05,0.03720954369144327,0.008942728622427612,0.06501430009974057,0.006973981158179463,0.0006111580775806417,0.019386144752165473,0.005699391083853638,0.000715187845922287,0.014763044102962398
9.658832241158708e-05,0.032942286703482614,0.007886523250875296,0.057528515719411116,0.007008458228351371,0.0005584052551561682,0.019403140758026547,0.005792504666559738,0.0008288916384507854,0.014576389968605526
0.00010718913192051276,0.029583327384232416,0.007839210810348893,0.051453540086979284,0.007047303421138564,0.0005904171131371307,0.019339139545059773,0.00589165631680528,0.0009349805900123668,0.014621192685562175
0.00011895340673703195,0.026906173606267972,0.008088978379701755,0.04658988094951649,0.007089841395589107,0.0006850457641738229,0.019275889683992267,0.005986285379570357,0.000993795134365353,0.014942975956175965
0.0001320088400831418,0.024738510875758783,0.008024950829597722,0.0428555409823186,0.0071360409187889535,0.0007627925485648986,0.019290079831583845,0.006055879028156348,0.0009880634281556348,0.015351787554199955
0.00014649713983072864,0.022935916979122124,0.0074778246623313244,0.04001870107468265,0.007199060670610453,0.0007796611831718937,0.019431574293052284,0.0060890102529532536,0.0009401194065857795,0.015735970207127883
0.0001625755666443795,0.021423345569780497,0.006710372415112165,0.03775878614620281,0.007306330230740762,0.0007458647149161338,0.019734313912442833,0.006089926155117827,0.0009047088698675574,0.016107538943460842
0.00018041864093920718,0.020147643883311448,0.005977354241300838,0.03586653221308589,0.007455493983216755,0.0006908051524853683,0.020181609458177072,0.006062999450587336,0.00089888185871457,0.016389209096633477
0.00020022003718155845,0.01913421134073063,0.005390810293579004,0.03445740041482581,0.007614528926534602,0.0006533748166202699,0.020738739889410496,0.006026495729467046,0.0008797813693765786,0.016367310230350228
0.0002221946860939524,0.01837610412371868,0.004984465714703308,0.03363734903964395,0.007750931877495988,0.0006675350556340485,0.021361812770933155,0.005987638490786814,0.0008191227404954848,0.01590275226788423
0.0002465811075822604,0.017836533501225712,0.00478853481139591,0.03338317081100457,0.007893485690997883,0.0007536646528584172,0.0220917611288199,0.005957003281099486,0.00076777626176239,0.015229827776610751
0.0002736439997074672,0.017433459434275378,0.004803761465841355,0.033485019398886456,0.00807984744326759,0.0009123343948241387,0.022935769173831333,0.00592937402470258,0.0007906549575062907,0.014651575066358419
0.00030367711180354605,0.017110678191436926,0.004942923204732665,0.03363068287027801,0.008341800271293127,0.0011061897444444781,0.023857526473998306,0.005897553232813758,0.0008805267294034418,0.014273575788674569
0.00033700643292719284,0.016820909408300083,0.00506758615109278,0.03348236091925588,0.008686240032263287,0.0012758595366097704,0.024781913470202668,0.005848041215099212,0.000976795308198952,0.014056704176240845
0.0003739937302478798,0.016573063103589785,0.005103402171120961,0.03307064494420722,0.009110247686088932,0.0013881998594920044,0.02579918959656179,0.0057876516323212505,0.0010224737822604503,0.014002753988430839
0.0004150404757850477,0.01640368139109182,0.005028584214605538,0.032701273738069275,0.009597559680023043,0.001433819727882546,0.027142960095638272,0.005734762793692239,0.0009791572859391977,0.014159659240118694
0.00046059220411451084,0.01628518864216079,0.004824771885043146,0.03250952934873105,0.010145099439058615,0.0014226614336349298,0.02906649297803549,0.005685888085030249,0.0008598297409798411,0.014492357220600258
0.0005111433483440171,0.016134236468080265,0.0044796418899269155,0.032422332414170064,0.01076944143299871,0.0013884779093461584,0.0317670941523095,0.005620260184634741,0.0007347198181650478,0.014857565247974224
0.0005672426068491978,0.015888302332470742,0.0040233456384889356,0.03239538579866143,0.01148746013457508,0.0013844365917684415,0.03518514757981255,0.0055282438098474326,0.0006586011452721406,0.015117493618410686
0.0006294988990221888,0.015609714427310165,0.003584257458633027,0.03263680289300682,0.01233074709624046,0.0014849570585542518,0.03894105323045241,0.005448297562031382,0.0006388176303523377,0.015238339229978411
0.0006985879746785249,0.015347839553973758,0.0032680136947439787,0.03320849000144506,0.013326773912630725,0.0017173170429746819,0.042808808822308,0.005404147100089376,0.0006533444574786236,0.015190523365293616
0.0007752597488629464,0.015114483580509382,0.003070377764141647,0.03382119372673935,0.014532832702500484,0.0019916286521469077,0.04726669257798811,0.005379177955262323,0.0006621127789560018,0.01497055871750542
0.000860346441668451,0.014870028509290088,0.00292929471593798,0.03409193703218215,0.015985723636685305,0.0021850390316794054,0.052756458962379724,0.005332856177249427,0.0006273728744345195,0.014575025034576947
0.0009547716114208065,0.014605033651439928,0.0027990193232504627,0.03417521684532108,0.01771436101117805,0.0022825635862297154,0.05890326034124643,0.005261612296922604,0.0005480388824145124,0.014106119504915431
0.001059560179277617,0.014315117453730186,0.0026531325988624907,0.03443167629429595,0.019744675576530122,0.002355929191090953,0.06493487857085535,0.005183085674125386,0.0004493789241891152,0.013721475414794102
0.0011758495540521582,0.013996421079808075,0.0024799441356763547,0.03474332509855351,0.02224288078851991,0.0025095932909640654,0.07144565052129156,0.005114194109935248,0.00035994072921259834,0.013536697628352197
0.0013049019780144017,0.013645883855671727,0.002281477702109187,0.03452710387097316,0.025482547476983274,0.002845056178723621,0.08025074799071447,0.005064498491540953,0.00030681860824157266,0.013594910323625692
0.001448118227674533,0.013251156079214673,0.002071605921547395,0.0335294257552231,0.029728192282391205,0.003366514288575351,0.09259455413313336,0.005026084616454723,0.00029920392751556116,0.013782818695990321
0.0016070528182616384,0.012824145039015009,0.001883059215100383,0.0321498894762229,0.0351918118906772,0.003955972983037964,0.10853370359120433,0.004984344880950836,0.00032576737255036136,0.013842516786691409
0.0017834308769319094,0.012360154704979906,0.0017286988058672656,0.03071153350900824,0.04218758336642598,0.004528542642970643,0.12807150528980865,0.004929688468782867,0.00037166569153988566,0.013605931245826349
0.0019791668678535573,0.011881503857546457,0.0015904411475947532,0.029239758400656235,0.05119036356233444,0.005123064688133233,0.15163396670786614,0.004886098419654207,0.00042544251080416654,0.01320621599029071
0.002196385372416547,0.011395432779214145,0.001451236659652405,0.027697465477197775,0.06262466707771311,0.005804181079642758,0.1791476573239341,0.0048679322859794295,0.0004773844016881604,0.012832299678938059
0.002437444150122222,0.010930156825408432,0.001335315442006708,0.026421228354204494,0.07669358545141258,0.006621105431520086,0.20935256136379682,0.0048652755937280525,0.0005188020233835422,0.012591995337319981
0.002704959730463137,0.010497508990472897,0.0012759104595695344,0.025741914204529866,0.0936047724969812,0.007758993989611826,0.24049682572113673,0.004850863947883773,0.000540683822986663,0.012503077534980747
0.0030018358135755923,0.010090492424474459,0.001259680716557649,0.025394083003962127,0.11430257283140906,0.009803524878713669,0.2733688219243823,0.004825545708365746,0.0005408176499388944,0.012548495523581
0.003331294787934677,0.009691835413726872,0.0012407028318022423,0.024747245819185547,0.13978516704301466,0.013415276989409492,0.3098482929982868,0.004807187951444717,0.0005235261359695336,0.012680500605768235
0.0036969127071950323,0.009315580127320115,0.0012002775656911352,0.023721708275680323,0.17016065868294955,0.018491273886861163,0.35116697525070917,0.004807927767396978,0.0005030020026026116,0.012839831757121552
0.00410265810582719,0.009018198456393978,0.00115464405463633,0.022872916420173025,0.20406502962564374,0.025134892117582592,0.3968678649228093,0.004829380763243357,0.000501801851399114,0.012962218137448972
0.004552935074866948,0.008815948192361407,0.0011154673876594022,0.022498660811429955,0.24056537897376418,0.0376675398198195,0.446392123668158,0.004858351860104275,0.000529929372450768,0.013010585515156502
0.00505263106533568,0.008679343911388422,0.0010797125474278706,0.022356281597244513,0.2792124783569684,0.06509891963069449,0.49924239902592016,0.004878298247150249,0.0005766954204881082,0.013013765192498984
0.005607169938205458,0.008557418801223121,0.0010481141112534847,0.022079648000628956,0.3189105035860419,0.11068851128920264,0.5539004708200026,0.004876640667270937,0.0006225696299606788,0.012980462192815635
0.006222570836730231,0.008433789534018287,0.0010432177623433227,0.021577112736371612,0.35739599883030615,0.1625618975252153,0.6079736783443328,0.004873810227765015,0.0006471697906532598,0.012910298618272722
0.006905513520162331,0.008301051657664867,0.001079087356927224,0.02091525138173585,0.3911603746404563,0.20518630208874628,0.6572712998916059,0.004885136605958915,0.0006361399439666839,0.012781736051512099
0.007663410868007463,0.00818678774142384,0.0011282148945667338,0.02034514121332403,0.418103810038893,0.23315146599104697,0.6991245795840733,0.0049096859150488436,0.0005970857016920978,0.01263391618957033
0.008504489341802686,0.008114133461648812,0.0011505731126471967,0.02010384903073949,0.436357334672551,0.2476356613002982,0.7310978525980634,0.004931809026119512,0.0005465373821447938,0.012524781961718122
0.009437878277775391,0.008077860370458474,0.0011591986895375928,0.02015944964293822,0.44703756994973615,0.2537365039811325,0.7559652952292839,0.004957490951076231,0.0004928483103680041,0.01252147567758547
0.010473708979594508,0.00804784726523322,0.0011981793018884677,0.02026483617682977,0.4523132806620824,0.25715847651535456,0.7780994493317588,0.005002001504477106,0.00043672416629729905,0.012680124576297927
0.011623224686798541,0.008015406926782792,0.0012541758992873568,0.020279456986143814,0.45239726569265054,0.2592930884413938,0.7965209818116288,0.005055579287480515,0.0003785219407535616,0.013004911043541246
0.01289890261253308,0.008009913581032285,0.0012544249000160095,0.020254172386720178,0.44551823623497055,0.2571946790646016,0.8036537290506932,0.005084116531153969,0.00032529097680435767,0.013435774696702285
0.014314589375234785,0.008052146078824762,0.0011945213823235112,0.020265246026770035,0.4301331548383701,0.24852364064741989,0.7911533471135335,0.005071453595804644,0.0002929618877488127,0.013848723608751699
0.015885651294280528,0.008153159886115193,0.0011947590642814227,0.020391723031528492,0.4080525788895201,0.23486801664255808,0.7562516382139852,0.0050536703024861825,0.000305494773674654,0.014088845356389275
0.01762914118095948,0.008287909747605795,0.0013251488664947852,0.02061533385285324,0.3809590103388038,0.2176162010506482,0.7004225089246234,0.005052849155936801,0.0003628498368109943,0.014065243671925947
0.01956398343517065,0.008410388839442154,0.0014640784126251606,0.020836646873261713,0.3509922459436372,0.1967499954641419,0.6357360551935595,0.005052734086954168,0.00041271495579845986,0.013921749141488127
0.021711179456945052,0.008465423434540556,0.0014526834272080267,0.02089578711057675,0.3195527150669721,0.1719450775530313,0.5738945347530603,0.005019064191887276,0.0004066338738361381,0.013818941799349392
0.02409403560239527,0.008465401627492845,0.00131842854932666,0.020748321467050884,0.28831231470700175,0.14593993491633495,0.5168886994142121,0.004963170347245058,0.0003794214380415936,0.013762799393463676
0.026738416158399492,0.008442414265441324,0.001206540596483731,0.020417198208451066,0.25876296938540244,0.12280183961760675,0.46075356515138344,0.004915128193048668,0.0004016871729220767,0.013658561873745026
0.029673024081888724,0.008401333856696822,0.001205323209397359,0.020028754605708642,0.23108523086100913,0.10314746777349014,0.40438004885979423,0.004886288965853621,0.00046818923924293795,0.013534767820934483
0.032929712550971546,0.008315654656311648,0.0013149760387031596,0.01975931679511031,0.20489923132071475,0.0849811185175579,0.3513944414426397,0.004868850303243931,0.0005032501393098583,0.01353586845030666
0.036543830709572546,0.008168457067407531,0.0014566390410231669,0.01962828625342506,0.1798483470913155,0.06736253675647842,0.30437404597703005,0.0048645619831088885,0.00046706454372706256,0.0137281187253459
0.040554607358408275,0.007976989629774863,0.0014930875642931638,0.019477705161738967,0.15666459106925484,0.051904950148901084,0.2646977345128953,0.00489819773722307,0.0003884809767084674,0.014058128087908189
0.04500557675700498,0.007739837866074709,0.0013663359911003784,0.019097892111615673,0.1356361018299593,0.03972388202655882,0.23169751920092077,0.004976265605405861,0.00031647472879268117,0.014421859210731055
0.0499450511585514,0.007448077349938849,0.0011784229697938157,0.01838928350289973,0.11675352871914503,0.030132908283721598,0.20363611629151712,0.005079601394337037,0.0002981393315303551,0.014741405965123402
0.05542664520663107,0.007088529260196754,0.0010370741727902914,0.017374043842172424,0.09972483739666818,0.022087659527087796,0.17856600323502772,0.0051786788797936545,0.00035522692077160224,0.014962921814863831
0.06150985788580504,0.006701823969428044,0.000933400852379007,0.016365943026388448,0.08460911185360583,0.01549479651466506,0.15586078872915746,0.0052736728555095895,0.0004556533185869849,0.015147473828112129
0.06826071834272393,0.006328965573320578,0.0008076526814275065,0.015667725166929432,0.07159624282846667,0.01074233930136074,0.13553811534927057,0.005366848185903524,0.0005383080236689431,0.015375309079554183
0.0757525025877192,0.00597300289283328,0.0006549041953829399,0.015206068819512886,0.06066821249026242,0.007641717005918823,0.11769774982777553,0.005459443013586143,0.0005498738539627815,0.01571463064364149
0.08406652885618333,0.005614746028781128,0.0005179156500662765,0.014665523948490317,0.05173434703217695,0.005652497744281138,0.10252438017987377,0.005545266315757252,0.00046690066011299705,0.016159620886831455
0.09329304026284696,0.005269845468609459,0.00042815936544986027,0.013930706631018858,0.044493067607931196,0.0044656988571399716,0.08992107316739911,0.0056361761740801875,0.0003564746058964233,0.01659101467361903
0.10353218432956637,0.004992785452694109,0.00039509808573674824,0.013133433210917998,0.038628945624956355,0.004062608186787416,0.07973578748228922,0.005760299452247768,0.0003559699795559698,0.01682549862646653
0.11489510001873086,0.004789014317236839,0.00040540336534709414,0.012364500668918952,0.03380259384044329,0.004277858921646463,0.07133326924548648,0.005933976851964286,0.0005114334717138259,0.016899156099895465
0.1275051240713013,0.004605067761493953,0.0004260585973134058,0.011624239867523119,0.029791232346710807,0.004625715101242699,0.06381815553331345,0.006161932743213707,0.0007236718542058957,0.01716828429684743
0.1414991297434576,0.004398411753449324,0.00043435979007332143,0.010896760388548147,0.026387240850025584,0.0047406586232369725,0.05659336435187297,0.006443496867362064,0.0008800105197756485,0.01784902447674473
0.15702901247293774,0.004203356795887715,0.00043440156464507663,0.010271002166923966,0.02346629154268143,0.004655178292725285,0.0500370448967346,0.006796323276738869,0.0009317500612056414,0.018800918303800596
0.17426333860096507,0.004062007474945831,0.0004301220792628468,0.009845752651336883,0.02091303769560922,0.0045120663041418605,0.04458555700291619,0.007235214531020627,0.0008829102792427972,0.019845213832869843
0.19338917504552322,0.003976908157938322,0.0004030271124464694,0.009673437468843164,0.018657725599982897,0.004331399633762867,0.04004963865833496,0.007783279991164405,0.0008005673030597907,0.021193673244083066
0.21461411978584058,0.003922398107748362,0.0003339763968618394,0.009738155920260776,0.016642501018817,0.0040489008336173,0.03591480601936539,0.008458885888430556,0.0007689503784036192,0.023246820128061757
0.23816855519761607,0.0038874793419290655,0.00025029354505663455,0.009942242008211704,0.014814762412849377,0.0036598383191384165,0.03198166163271419,0.00930221074782254,0.0008238662432336066,0.026318889494987677
0.2643081486974108,0.003876906785173319,0.00020829117758720714,0.010142945976689625,0.013143476962179268,0.003218108417801297,0.02838117752688836,0.010362278494843887,0.0009584929116585194,0.030608988712965468
0.29331662783900486,0.003906346262088628,0.00021991124158420424,0.0103084946903212,0.011608371448877707,0.002763588834224154,0.02520805641465049,0.011712258944826293,0.0011474096157613725,0.036342687215155677
0.32550885998350565,0.003996970403071446,0.0002466075443623234,0.010539109306271485,0.010236252807304702,0.0023231087780864338,0.02250335767057832,0.013437568722423006,0.0013546645405982302,0.04380573445936658
0.36123426997094304,0.004147210223518372,0.00026004285386432597,0.010953447545539206,0.009032102120883383,0.0019209411759035873,0.020163199403910332,0.015637005459390795,0.0015611361646294193,0.05357452949763315
0.40088063288984643,0.004327391542676818,0.00026708817898556434,0.011636593422455639,0.008003614860881905,0.0016001158591900048,0.018031727720902124,0.018437826918517405,0.0017676881030786584,0.06663213753355635
0.4448782831127585,0.00450295868328603,0.00028633922732157024,0.01250988638552144,0.007136860300262012,0.0013784507303344418,0.016028431078082633,0.02209599842828765,0.001967007123302432,0.08451866490777392
0.4937047852839004,0.004668248090439704,0.00033088681419075086,0.013268649205031449,0.0064161041562032905,0.0012179373968939135,0.014334952119419304,0.027118044757657105,0.002138310178295307,0.10939944704209832
0.5478901179593945,0.004832262119761546,0.0003979676860016106,0.0136681450391076,0.005808838351539609,0.0010584034943979044,0.013114406402696142,0.03422279010215173,0.0023048288678295227,0.14363047144784954
0.6080224261649427,0.0050354059523775386,0.0004572027322126452,0.013972642438317487,0.005268321516604423,0.0008582611232519738,0.012221296161687687,0.04434839126556641,0.0026223372683518067,0.18893250229904254
0.67475440531107,0.005313559498083315,0.00047423826554922647,0.014600756157791368,0.004751443209573138,0.0006079053970164119,0.011358879241478782,0.0587177617045831,0.0032694336621981054,0.2461429624941221
0.748810385759003,0.005661707785010636,0.00046448735856018835,0.015508371511220647,0.004265347373677573,0.0003581945644143803,0.010435070238502517,0.07893216435670206,0.004224804167218164,0.31528280328883906
0.8309941949353403,0.006038396557189722,0.0004806364953998511,0.016279085381574854,0.003858190757571628,0.00019932633966877124,0.009551864870292852,0.10675549606245295,0.0053674366128052,0.39401221632351413
0.9221978823334341,0.006435776803185067,0.0005471848570522097,0.016838580606629135,0.0035397545903782545,0.0001557274940546713,0.008761980929087374,0.14375727483724884,0.006939214423177864,0.47842703190720653
1.0234114021054528,0.006887784839882349,0.0006486770140361475,0.017578085493716943,0.0032780899593225737,0.000171995821323455,0.00804026263102049,0.19057145471865042,0.00981650776683007,0.5620481710153207
1.135733358343105,0.007414095672119253,0.0007733111231585049,0.018736317821219043,0.0030405550098719595,0.00019728256196972167,0.007364792153592508,0.24736661899515922,0.015611907047986848,0.6420532641827522
1.2603829296797273,0.008000901934446858,0.0009293441038549594,0.0201300834569659,0.0028276639338811367,0.00022099436514244148,0.006799110176422775,0.31271232007235267,0.026815313248488952,0.7213076489917463
1.3987131026472386,0.008614507465928359,0.001115175451383975,0.02147659323473233,0.0026480105376818996,0.00024600768753906726,0.006394438659782509,0.3837467969785742,0.046160659909710765,0.7994857184975901
1.552225357427048,0.00924540966472519,0.0012929918619396707,0.02274376206466113,0.0025119637830320627,0.00026628614582410124,0.006136633141758436,0.45587074626709945,0.07512051613502316,0.869180397785892
1.7225859653987874,0.009892788132073291,0.001420265719463743,0.024045335000360064,0.002418268439270432,0.00027035479139219043,0.005969853750464698,0.5228970931511905,0.11225452986377703,0.9220004620302472
1.9116440753857036,0.010610084701805352,0.0015082515681343542,0.025659920245771437,0.002347460501347022,0.00025417692547763995,0.005849212079832297,0.5812100827376051,0.15056548196950176,0.9653470805721756
2.121451784910632,0.011453638522952773,0.001596543523356009,0.027843414461488223,0.002272394120563957,0.0002221923816291707,0.005743366674231968,0.627520009338061,0.18338324645721044,1.0117781504446886
2.35428641432242,0.012448488379804721,0.0017067531505952937,0.030605036470037397,0.002191422167224026,0.00019013653822139064,0.005654680383592106,0.6620797893801494,0.21971732577354358,1.0618087057014123
2.612675225563332,0.013576968117253466,0.0018412791398431255,0.033733162942895016,0.0021257384281594192,0.00017994275902663329,0.0056041833856101736,0.6864303042220292,0.2778060853546437,1.1028754616437515
2.8994228538828812,0.014853890084624835,0.002016060658825648,0.03725226843145498,0.002084146867778536,0.00019429668058956943,0.005578371102179054,0.7005727951721824,0.3547620781619861,1.126361037740168
3.2176417502507353,0.01634281639790685,0.002260059623456064,0.041498224756790325,0.0020581426442180823,0.0002118471998200518,0.0055277188422868375,0.7031348644974895,0.41855081316636283,1.1329774787821727
3.5707859649004625,0.018115965258322618,0.0025517422002667126,0.04672093381597708,0.0020376598085326096,0.0002163172602516935,0.005419188036038368,0.6926661630458519,0.4460544802835327,1.1221948753019264
3.9626886387014784,0.020273020137273393,0.0027808475178464523,0.05300507762278308,0.0020268713978197728,0.00021240097729664125,0.005289557694255996,0.6721758009448422,0.4453478924284089,1.0919435779887074
4.397603609302721,0.02298712088018751,0.002841194176694704,0.06090720094047789,0.002025994872081268,0.00020909975125963035,0.005174239359387761,0.6444294431894427,0.43210906877863536,1.0391504594254863
4.880251583654434,0.026665593748486986,0.0027462943558900963,0.072378246024541,0.0020246445893988873,0.00020635907460753663,0.00507739670647518,0.6130870739184825,0.41404200185828965,0.970493070690253
5.415871378079476,0.03199966890527063,0.0025767305854800453,0.09031582839879085,0.002006553452023369,0.0001993309840156163,0.0049846247148254835,0.5803873573399093,0.3920640997024101,0.8955964942196767
6.010276782070388,0.040280377516700494,0.002453149915055722,0.11849083874297062,0.001973042581662095,0.00018802298786056398,0.004915357940406114,0.5476705898465807,0.36732036308734517,0.823664125989826
6.669919663030129,0.054141687331031786,0.0025809510060434216,0.16475887702281977,0.0019345556933820067,0.00017573601580338238,0.004900642363283968,0.5153429520735906,0.34171491700446044,0.7613533547340121
7.401959996915652,0.079121834748781,0.0033357562642054705,0.2475075152485133,0.0018950527287841042,0.00016251844573680148,0.004927552167270956,0.48317941058874575,0.3157751692169864,0.7071955186944686
8.214343584919439,0.12532363712108374,0.005466077763370982,0.39597870540477953,0.0018502562676212665,0.00014495474671502709,0.004937254610088771,0.45115535809406293,0.28899672694923184,0.6543942419014225
9.115888299750837,0.21010263599546225,0.011926847856517259,0.6389884648388199,0.0017922878662487624,0.00012124505443701689,0.004883114655681791,0.4182934169896227,0.26030072589011816,0.5988275344421035
10.11637979766207,0.3704617187956808,0.039394142594767895,1.005345153595533,0.001717076904404436,9.440402121203423e-05,0.004762151534431299,0.3840067085106141,0.22960549814311007,0.5444204163611641
11.226677735108158,0.6892824895760902,0.14821311483294633,1.5493766307459627,0.001619730237725643,6.933593987976097e-05,0.0045797295882744685,0.3470820799952244,0.19667723601077886,0.49504346612008987
12.458833642950081,1.2765601532180844,0.44343581038596475,2.321313656190647,0.0014994227083386684,5.1903752950029936e-05,0.004345924636271125,0.30719907094037446,0.16221334083445546,0.4515418330914532
13.826221737646593,2.0711808920134005,0.9250040451091087,3.187856234716005,0.0013404878540511623,4.45816612564703e-05,0.004006852430143789,0.2620893979857784,0.1267928063808736,0.4067123627285188
15.343684089300131,2.595667822891041,1.3001662367602125,3.62328815569343,0.0011082937429853935,4.098626604480912e-05,0.0034165611270275775,0.20749745346701967,0.09132480597801017,0.342951820643421
17.02769172225898,2.3189540893286757,1.2198232976918333,3.0874465354155354,0.0007818311771935817,3.236007241215545e-05,0.002465170291684645,0.1418267597975015,0.05771610329155388,0.24631601964003758
18.896523396912116,1.4187888355165768,0.7615827011387608,1.850215750781282,0.000426661484646735,1.88778056016146e-05,0.0013623092340805034,0.07602898886450343,0.029476194531302156,0.1358744767863088
20.970464013232306,0.5839699317275787,0.31606882690373617,0.7549663633851076,0.00016699903497549733,7.6262930227502455e-06,0.0005363800132867497,0.029506967604626323,0.011165881343942134,0.05345972276141518
23.27202478960412,0.16049313634208648,0.08715790356002846,0.20675100686322342,4.493824216700127e-05,2.0803977677883434e-06,0.00014470485038827467,0.007910896943815308,0.0029615009464606557,0.014418314564957646
25.826187606826746,0.029361466680266426,0.015966859544363846,0.037769366479208075,8.150280038133092e-06,3.794615087636887e-07,2.6272442268002862e-05,0.0014325661280412043,0.0005338610939218555,0.0026174750673386388
28.66067616948256,0.0035711600758655737,0.001943079642388049,0.004591092332401583,9.878044609186227e-07,4.609720741659654e-08,3.185572717965522e-06,0.0001735160508494905,6.454187592204958e-05,0.00031735821087884884
31.80625692794119,0.000288622388402031,0.00015707543394444506,0.0003709653307353762,7.972042898608072e-08,3.723772972479113e-09,2.5713598319580275e-07,1.3999968626804583e-05,5.203532377389573e-06,2.5616337167749246e-05
35.297073027306574,1.5497092816306396e-05,8.434663018695453e-06,1.9916438320379616e-05,4.2779708725418224e-09,1.9990221227820068e-10,1.3799461743025354e-08,7.51190603289888e-07,2.791175345360874e-07,1.3747162611246248e-06
39.17101490809261,5.527562842068808e-07,3.0086181941215913e-07,7.103594838730213e-07,1.5255246659547892e-10,7.1296191260248125e-12,4.921031582047595e-10,2.678633427002219e-08,9.951667837965789e-09,4.90236631130897e-08
43.47013158125035,1.3096814986344314e-08,7.1286207629747816e-09,1.683074450012709e-08,3.614181264883568e-12,1.6892124755008797e-13,1.1658748864735024e-11,6.345949066413859e-10,2.357529566539451e-10,1.1614513464675955e-09
48.241087041653735,2.0612957148260054e-10,1.1219738157588524e-10,2.648958526590684e-10,5.688107800811974e-14,2.6586012244809426e-15,1.8348978835418484e-13,9.98737773077233e-12,3.710249600293326e-12,1.8279350420733777e-11
53.535666774107185,2.155038862946597e-12,1.1730015363496032e-12,2.769420107707802e-12,5.946697639380892e-16,2.7794937668752825e-17,1.9183187598375087e-15,1.0441389630463919e-13,3.878880010121511e-14,1.9110389793293113e-13
59.411339849650396,1.496611701812983e-14,8.146161904469645e-15,1.9232795617822837e-14,4.129782204096811e-18,1.9302732976501483e-19,1.3322091225421805e-17,7.251186958677314e-16,2.693740062853826e-16,1.3271534471214584e-15
65.93188271333541,6.904019299668281e-17,3.7579073638726546e-17,8.87227700351015e-17,1.9051049264996406e-20,8.904535834670628e-22,6.145600026393877e-20,3.3450349192923405e-18,1.2426437714240756e-18,6.1222775413019255e-18
73.16807143427206,2.1155998490321713e-19,1.1515364000294697e-19,2.718732937223099e-19,5.837810347943477e-23,2.728617524025476e-24,1.883195592278158e-22,1.0250183903667206e-20,3.807828759487641e-21,1.8760488605518474e-20
81.19844993184009,4.306293872383065e-22,2.343947258395057e-22,5.533968146523906e-22,1.1882831448162094e-25,5.554087772266761e-27,3.833234659631737e-25,2.0864192438213183e-23,7.750812574964775e-24,3.818687504447996e-23
90.11018251665037,5.822538650538396e-25,3.169250467052936e-25,7.4824764573449255e-25,1.6066770110470478e-28,7.509679975224011e-30,5.182914662315321e-28,2.8210462695356e-26,1.0479868316066853e-26,5.163245449816444e-26
100.0,5.229493957590022e-28,2.8464519239730783e-28,6.720361568202791e-28,1.4430315794963772e-31,6.744794237687712e-33,4.655017494726008e-31,2.5337132331044785e-29,9.412458189913644e-30,4.6373516531138763e-29
